product_id,product_name,overall_rating,percent_positive
10291773,"Knorr No Artificial Flavors Vegetable Recipe Soup Mix, 1.4 oz, Pouch",3.8,69.0
10295557,"Tresemme Nourishing Mousse Flawless Curls with Coconut and Avocado Oil, 10.5 oz",4.5,71.5
10804630,Pond's Cold Cream Cleanser & Make-Up Remover 6.1 oz,4.2,83.0
10804694,"Dove Moisturizing Liquid Body Wash Cleanser for Women Deep Moisture, 20 oz",4.7,75.0
10898766,"Vaseline Original Healing Petroleum Jelly Slugging Skincare for All Skin, 13 oz",4.8,76.5
11960997,"Lipton Diet Green Tea Citrus Iced Tea, Bottled Tea Drink, 16.9 fl oz, 12 Pack Bottles",4.5,76.5
17283520,Magnum Caramel Ice Cream Bars 3 Ct,4.6,82.5
43887962,"Hellmann's Real Mayonnaise Rich Creamy Condiment Gluten Free, 20 oz Squeeze Bottle",4.4,65.0
174779977,Lipton 100% Natural Hot Green Tea Bags with Hint of Jasmine 100 Ct - 5 Per Case,4.6,92.5
191756851,Pepsodent Complete Care Original Toothpaste 5.5oz,4.7,73.80952380952381
728579794,"Axe Apollo Refreshing Daily Use Men's Body Wash, Sage and Cedarwood, 32 fl oz",4.8,87.0
940310308,"Tresemme Pro Pure Leave-in Conditioner Detangle and Smooth, 6.1oz",4.4,76.5
9019603356,"Dove Shampoo for Women Intensive Repair with Bio-Protein Care Technology and Amino Serum, 28 oz",4.7,84.5
