product_id,product_name,overall_rating,total_review_count,rating_1_count,rating_2_count,rating_3_count,rating_4_count,rating_5_count
10291773,"Knorr No Artificial Flavors Vegetable Recipe Soup Mix, 1.4 oz, Pouch",3.8,475,114,13,13,29,306
10295557,"Tresemme Nourishing Mousse Flawless Curls with Coconut and Avocado Oil, 10.5 oz",4.5,1052,59,17,53,150,773
17283520,Magnum Caramel Ice Cream Bars 3 Ct,4.6,1083,59,24,39,45,916
10804630,Pond's Cold Cream Cleanser & Make-Up Remover 6.1 oz,4.2,12520,407,643,1838,3255,6377
728579794,"Axe Apollo Refreshing Daily Use Men's Body Wash, Sage and Cedarwood, 32 fl oz",4.8,2169,33,11,58,220,1847
43887962,"Hellmann's Real Mayonnaise Rich Creamy Condiment Gluten Free, 20 oz Squeeze Bottle",4.4,5962,485,147,167,516,4647
10898766,"Vaseline Original Healing Petroleum Jelly Slugging Skincare for All Skin, 13 oz",4.8,7031,112,42,97,660,6120
9019603356,"Dove Shampoo for Women Intensive Repair with Bio-Protein Care Technology and Amino Serum, 28 oz",4.7,1609,47,10,36,124,1392
10804694,"Dove Moisturizing Liquid Body Wash Cleanser for Women Deep Moisture, 20 oz",4.7,11914,222,107,332,1377,9876
11960997,"Lipton Diet Green Tea Citrus Iced Tea, Bottled Tea Drink, 16.9 fl oz, 12 Pack Bottles",4.5,3120,217,62,109,302,2430
940310308,"Tresemme Pro Pure Leave-in Conditioner Detangle and Smooth, 6.1oz",4.4,1153,42,33,86,244,748
191756851,Pepsodent Complete Care Original Toothpaste 5.5oz,4.7,100,4,0,2,8,86
174779977,Lipton 100% Natural Hot Green Tea Bags with Hint of Jasmine 100 Ct - 5 Per Case,4.6,2966,33,38,195,626,2074
